AC4C1-TV-BC,BDA1040B,CDN301B,DC-1G,EPHM100BLK,FBV3,G10,HELIX,ISX18DB,JM4,L2TMBAG,M13-STOMPBOX,NSF51BP,P180-PR,RDPED-QTRW,SONICPORT,TB516-BELTCLIPS,V35-BP,WX010B,X3LIVE-BAG,YAS203B
AC30C2-BRG2,BDA1060B,CDN301S,DGX660B,EPHM100BLU,FBV-EXP-MKII,G10-RELAY,HELIX-CONTROL,ISX18DW,JTV59-BC5AFT,L3SCOVER,M20DBAG,NSICP3560BW,P360-PR,RDRAC-HALFW,SONICPORT-VX,TB516-MARKER,V35-HHTX,WX010W,XD-AD8,YAS203W
AC30C2X-V847,BDA1040T,CDN500B,DGX660WH,EPHM100WHI,FBVS&PODXTBAG,G30,HELIX-RACK,ISX803DBLK,JTV59-BL,L6-EYEBOLTKIT,M20DCOVER,NSP350B,PATHFINDER10-DN,REFACECP,SPID412CABCOVER,TB516-POUCH,V35-RX,WX030B,XD-V35,YDP143B
AC15C1-TN,BDS681B,CDN500S,DL4,EPHM200BLK,FBV-SB-MKII,G30-BODYPACK,HS30,ISX803DBRK,JTV59-CSB,L6LINK-15M,M20DRACKKIT,NSP51B,PATHFINDER10-UJ,REFACECS,SPIDER-412CAB,TBP06,V55-BP,WX030W,XD-V35L,YDP143R
AC30CH,,CDNT670B,DM4,EPHM200RED,FIREHAWK-1500,G30CBL-RT,HS70,ISX803DDBU,JTV59-GT,L6LINK-15M   ,M5-STOMPBOX,NSSW1000BG,PATHFINDER-UJBK,REFACEDX,SPIDER-III-JAM,TC-ECHOPARK,V55-HHTX,WXA50,XD-V55,YDP143WH
AC10C1-TN,,CDNT670S,DT25-112,EPHM200WHI,FIREHAWK-FX,G30CBL-ST,HS70T,ISX803DWHI,JTV59-HB,L6LINK-2M,M9-STOMPBOX,NSSW100B,PODHD,REFACEYC,SPIDER-IV-120,TC-FLANGE,V55-RX,WXC50,XD-V55HS-BL,YDP163B
AC15C1-BRG2,,CDS1000BBG,DT25-CAB,EPHR22BLK,,G30-RX,,ISX80BLK,JTV59-HB5AFT,L6LINK-2M    ,MCRB020BLK,NXN500BL,PODHD-300     ,RK-EMX2,SPIDER-IV-15,TCMOD-FILTER,V75-40V,,XD-V55HS-TAN,YDP163R
AC15CH,,CDS100BBG,DT25-HD,EPHR22PIN,,G50CBL-RT,,ISX80PUR,JTV59P-GT,L6LINK-6M,MCRB020ORA,NXN500LW,PODHD-500,RK-EMX7,SPIDER-IV-150,TCMOD-TREMOLO,V75-BP,,XD-V55L,YDP163WH
AC10C1-BRG2,,CDS2100BBG,DT50-112,EPHR22WHI,,G50CBL-ST,,ISX80WHI,JTV59P-HB,L6LINK-6M  ,MCRB020WHI,NXN500WH,PODHD-500X    ,RK-G55V55,SPIDER-IV-30,TC-OTTOFILTER,V75-HHTX,,XD-V75,YDPS52B
AC4C1-12-BRG2,,CDS2100BDB,,EPHR32BLK,,G50G90-BODYPACK,,,JTV59P-TSB,L6-LONGPOLE,MCRB043CLRPLT,,PODHD-PROX    ,RK-G55V55,SPIDER-IV-75,TC-UBERMETAL,V75-RX,,XD-V75HS-TAN,YDPS52WH
AC4C1-12-TN,,CDS2100SBG,,EPHR32BLU,,G50-RELAY,,,JTV59-STB5AFT,L6-SHORTPOLE,MCRB043DBEG,,PODMOUNT,RN301B,SPIDER-JAM,TC-VERBZILLA,V75-SC,,XD-V75L,YEV104BL
AEC06,,CDS2100SLB,,EPHR32GLD,,G50-RX,,,JTV69-2T-AL-WH,LINE6LIGHTBOX,MCRB043DBLK,,PODMOUNT      ,RN301S,SPIDIV120COVER,THH06,V75-SC-CAPBL,,XD-V75TR,YEV104NT
AEC25,,CLP565GP,,EPHR52GLD,,G55,,,JTV69-2T-AS-WH,LM4-4,MCRB043DBLU,,PODSTUDIO-GX  ,RN402B,SPIDIV150COVER,THH12,V75-SC-CAPCR,,XDV-ROADCASE,YEV105BL
AEC50,,CLP565GPWH,,EPHR52RED,,G70,,,JTV69-3T-AS-MI,LM4-T,MCRB043DDGN,,PODSTUDIO-KB37,RN402S,SPIDIV15COVER,,V75-SC-CAPKIT,,XT-KB37-M13-BAG,YEV105NT
AMPLIFI-150,,CLP575B,,EPHR52TIN,,G75,,,JTV69-BL-AL-BL,,MCRB043DDGY,,PODSTUDIO-UX1 ,RN602B,SPIDIV30COVER,,V75-SC-GRILLEBL,,,YFL212ID
AMPLIFI-30,,CLP575PE,,EPHRS01BEG,,G90,,,JTV69-BL-AL-PA,,MCRB043DLBU,,PODSTUDIO-UX2,RN602S,SPIDIV75COVER,,V75-SC-GRILLECR,,,YFL222ID
AMPLIFI-75,,CLP575R,,EPHRS01LBU,,,,,JTV69-BL-AS-WH,,MCRB043DORA,,POD-V2UG      ,RS202B,SPIDIVH150COVER,,V860,,,YFL272ID
AMPLIFI-FX100,,CLP585B,,EPHW32BLK,,,,,JTV69-BP-AL-BL,,MCRB043DRED,,PS4170,RS202S,SPIDJAMCOVER,,VARIAX-BL,,,YFL312ID
AMPLIFI-TT,,CLP585PE,,EPHW32BLU,,,,,JTV69-CAR-AL-TO,,MCRB043DWHI,,PSRA3000,RS320BC,SPLITTER-G55V55,,VARIAX-CABLE,,,YFL372GLID
AS1100BBG,,CVP701B,,EPHW32GLD,,,,,JTV69-COP-AL-BL,,MCRB043DYEL,,PSRE253,RS320BS,SRT1000B,,VARIAX-SB,,,YFL372HGLID
AS1100BDB,,CVP701PE,,EPHWS01BEG,,,,,JTV69-COP-AL-PE,,MCRN470B,,PSRE263,RS320SY,SRT1500B,,VARIAX-WBENCH,,,YFL372HID
AS1100SBG,,CVP705B,,EPHWS01LBU,,,,,JTV69-IS-AL-BL,,MCRN470S,,PSRE333,RS420BS,SRT700B,,VARIAX-WH,,,YFL372ID
AS1100SLB,,CVP705PE,,EX-1,,,,,JTV69-IS-AL-MI,,MCRN670BBG,,PSRE353,RS420FB,STAGESCAPE-M20D,,VOXRISERBASE,,,YFL412ID
AS2100BBG,,CVP709B,,,,,,,JTV69-IS-AL-WH,,MCRN670SBG,,PSRE363,RS420FR,STAGESOURCE-L2M,,VOXRISERSTAND,,,YFL472GLID
AS2100BDB,,CVP709GP,,,,,,,JTV69-LPB-AL-MI,,MG06//AU,,PSRE433,RS502,STAGESOURCE-L2T,,VSS-1-BK,,,YFL472HGLID
AS2100SBG,,CVP709GPWH,,,,,,,JTV69-LPB-AL-WH,,MG06X//AU,,PSRE453,RS502BG,STAGESOURCE-L3M,,VSS-1-FBK,,,YFL472HID
AS2100SLB,,CVP709PE,,,,,,,JTV69-NT-AL-BL,,MG10//AU,,PSREW400,RS502SB,STAGESOURCE-L3S,,VSS-1-FRD,,,YFL472ID
AS301B,,CVP709PWH,,,,,,,JTV69-OW-AL-MI,,MG10XU//AU,,PSRS670,RS502TBG,STAGESOURCE-L3T,,VSS-1-FWH,,,YSP1600B
AS301S,,,,,,,,,JTV69-OW-AL-TO,,MG12,,PSRS770,RS620BB,SV-112-COVER,,VXI,,,YSP2700B
AV30,,,,,,,,,JTV69-RS-AL-PE,,MG12//AU,,PSRS970,RS620BC,SV-212-COVER,,VXII,,,YSP2700S
AV60,,,,,,,,,JTV69S-2T-AL-WH,,MG12XU,,PX10,RXA1040B,SV412BCOVER,,VXI-SPL,,,YSP5600B
,,,,,,,,,JTV69S-2T-AS-WH,,MG12XU//AU,,PX-2G,RXA1040T,SV-412-CAB,,,,,YSPCU3300BT
,,,,,,,,,JTV69S-3T-AL-MI,,MG16//AU,,PX3,RXA1050B,SV412TCOVER,,,,,YSPCU4300BT
,,,,,,,,,JTV69S-3T-AS-MI,,MG16XU//AU,,PX5,RXA1060B,SV-HD100-COVER,,,,,
,,,,,,,,,JTV69S-BL-AL-BL,,MG20//AU,,PX8,RXA2040B,SV-MKII-112,,,,,
,,,,,,,,,JTV69S-BL-AL-PA,,MG20XU//AU,,,RXA2050B,SV-MKII-212,,,,,
,,,,,,,,,JTV69S-BL-AS-WH,,MICRO-SPIDER,,,RXA2060B,SV-MKII-HD,,,,,
,,,,,,,,,JTV69S-BP-AL-BL,,MIDI-MOBILIZER,,,RXA3040B,,,,,,
,,,,,,,,,JTV69S-BP-AL-WH,,MINI5-RMDI,,,RXA3040T,,,,,,
,,,,,,,,,JTV69S-CAR-AL-P,,MM4-L6,,,RXA3050B,,,,,,
,,,,,,,,,JTV69-SG-AL-MI,,MOBILE-IN,,,RXA3060B,,,,,,
,,,,,,,,,JTV69-SG-AL-WH,,MOBILEKEYS-25,,,RXA550B,,,,,,
,,,,,,,,,JTV69S-IS-AL-MI,,MOBILEKEYS-49,,,RXA660B,,,,,,
,,,,,,,,,JTV69S-IS-AL-WH,,MONTAGE6,,,RXA740B,,,,,,
,,,,,,,,,JTV69S-LPB-AL-M,,MONTAGE7,,,RXA750B,,,,,,
,,,,,,,,,JTV69S-NT-AL-BL,,MONTAGE8,,,RXA760B,,,,,,
,,,,,,,,,JTV69S-OW-AL-MI,,MOTIFXF8WH,,,RXA840B,,,,,,
,,,,,,,,,JTV69S-OW-AL-TO,,,,,RXA850B,,,,,,
,,,,,,,,,JTV69S-SG-AL-WH,,,,,RXA860B,,,,,,
,,,,,,,,,JTV69-STB-AS-TO,,,,,RXAS710B,,,,,,
,,,,,,,,,JTV69-STO,,,,,RXS601B,,,,,,
,,,,,,,,,JTV69-STO-AS-PA,,,,,RXT06,,,,,,
,,,,,,,,,JTV69-STR-AS-PA,,,,,RXV1077B,,,,,,
,,,,,,,,,JTV69-STR-AS-PE,,,,,RXV1079B,,,,,,
,,,,,,,,,JTV89-BL,,,,,RXV1081B,,,,,,
,,,,,,,,,JTV89-BP,,,,,RXV1083B,,,,,,
,,,,,,,,,JTV89-COP,,,,,RXV2075B,,,,,,
,,,,,,,,,JTV89F-BLM,,,,,RXV2077B,,,,,,
,,,,,,,,,JTV89F-BP,,,,,RXV2077T,,,,,,
,,,,,,,,,JTV89F-NT,,,,,RXV2079B,,,,,,
,,,,,,,,,JTV89F-R,,,,,RXV2081B,,,,,,
,,,,,,,,,JTV89F-TB,,,,,RXV3077B,,,,,,
,,,,,,,,,JTV89-GO,,,,,RXV3079B,,,,,,
,,,,,,,,,JTV89-NT,,,,,RXV3081B,,,,,,
,,,,,,,,,JTV89-R,,,,,RXV3083B,,,,,,
,,,,,,,,,JTVA59-BL,,,,,RXV379B,,,,,,
,,,,,,,,,JTVA59-BL ,,,,,RXV381B,,,,,,
,,,,,,,,,JTVA59-CSB,,,,,RXV383B,,,,,,
,,,,,,,,,JTVA59-CSB,,,,,RXV473B,,,,,,
,,,,,,,,,JTVA59P-BL,,,,,RXV477T,,,,,,
,,,,,,,,,JTVA59P-G,,,,,RXV479B ,,,,,,
,,,,,,,,,JTVA59P-G ,,,,,RXV479BL,,,,,,
,,,,,,,,,JTVA59-TBS,,,,,RXV481B ,,,,,,
,,,,,,,,,JTVA59-TBS,,,,,RXV481BL,,,,,,
,,,,,,,,,JTVA69-BL,,,,,RXV483B,,,,,,
,,,,,,,,,JTVA69-BL ,,,,,RXV579B,,,,,,
,,,,,,,,,JTVA69-LPB,,,,,RXV581B,,,,,,
,,,,,,,,,JTVA69-LPB,,,,,RXV583B,,,,,,
,,,,,,,,,JTVA69-R,,,,,RXV679B,,,,,,
,,,,,,,,,JTVA69-R  ,,,,,RXV679T,,,,,,
,,,,,,,,,JTVA69S-3T,,,,,RXV681B,,,,,,
,,,,,,,,,JTVA69S-3T,,,,,RXV683B,,,,,,
,,,,,,,,,JTVA69S-BL,,,,,RXV683T,,,,,,
,,,,,,,,,JTVA69S-BL,,,,,RXV779B,,,,,,
,,,,,,,,,JTVA69S-OW,,,,,RXV781B,,,,,,
,,,,,,,,,JTVA69S-OW,,,,,,,,,,,
,,,,,,,,,JTVA89F-BL,,,,,,,,,,,
,,,,,,,,,JTVA89F-R,,,,,,,,,,,
,,,,,,,,,JTVA89F-R,,,,,,,,,,,
,,,,,,,,,JTV-BA12,,,,,,,,,,,
,,,,,,,,,JTV-BA12  ,,,,,,,,,,,
,,,,,,,,,JTV-BR4,,,,,,,,,,,
,,,,,,,,,JTV-BR4   ,,,,,,,,,,,
,,,,,,,,,JTV-PWRKIT,,,,,,,,,,,
